Jahr,Land,Jänner,Februar,März,April,Mai,Juni,Juli,August,September,Oktober,November,Dezember,Summe
2015,Syrien,900,672,837,1027,1836,2452,2358,2866,,,,,12948
2015,Afghanistan,670,429,581,773,1507,1830,2790,1907,,,,,10487
2015,Irak,292,204,309,606,1141,1266,1308,1293,,,,,6419
2015,Pakistan,82,67,97,207,327,414,555,957,,,,,2706
2015,Kosovo,1065,960,118,66,54,37,49,31,,,,,2380
2015,Somalia,103,139,136,271,279,235,258,157,,,,,1578
2015,staatenlos,118,64,58,107,192,233,196,181,,,,,1149
2015,Russische Föderation,155,158,133,150,115,117,139,142,,,,,1109
2015,Iran,103,70,85,110,96,123,220,165,,,,,972
2015,Nigeria,56,80,86,92,118,122,106,155,,,,,815
2015,Algerien,51,75,70,90,106,118,100,66,,,,,676
2015,Bangladesch,7,10,18,30,55,43,147,272,,,,,582
2015,Ukraine,60,43,54,61,47,48,35,48,,,,,396
2015,Marokko,34,28,32,33,61,62,36,33,,,,,319
2015,Indien,26,28,31,31,41,34,51,51,,,,,293
2015,Sonstige,402,253,292,385,418,546,542,466,,,,,3304
2014,Syrien,337,252,212,283,361,406,590,683,1138,1002,1291,1199,7754
2014,Afghanistan,274,173,233,225,237,346,393,512,620,618,667,772,5070
2014,Russische Föderation,237,205,157,159,148,133,161,144,175,163,137,177,1996
2014,Kosovo,61,26,50,67,46,40,41,46,174,196,370,784,1901
2014,staatenlos,56,62,60,30,80,56,111,108,116,168,216,222,1285
2014,Somalia,32,26,63,77,207,156,107,124,87,87,124,72,1162
2014,Irak,42,45,43,40,45,47,67,92,125,137,207,217,1107
2014,Iran,55,32,47,41,45,26,51,54,99,101,86,108,745
2014,Nigeria,44,36,45,34,56,66,61,53,80,65,65,54,659
2014,Pakistan,29,44,39,59,68,66,43,48,42,49,67,43,597
2014,Algerien,29,23,32,19,43,38,77,46,74,73,61,46,561
2014,Ukraine,12,10,19,26,34,51,53,79,63,49,34,27,457
2014,Georgien,30,24,34,32,33,24,31,38,38,45,35,51,415
2014,Indien,24,26,31,33,34,31,47,39,47,41,23,18,394
2014,Serbien,22,33,16,13,34,28,44,22,45,33,21,50,361
2014,sonstige,235,220,251,272,310,253,341,364,373,330,283,331,3563
2013,Afghanistan,211,248,202,164,211,260,189,154,201,271,210,268,2589
2013,Ägypten,20,19,12,13,20,14,29,17,10,7,17,6,184
2013,Albanien,14,3,8,6,3,10,,,1,1,8,15,69
2013,Algerien,22,31,100,147,104,178,77,93,48,44,64,41,949
2013,Angola,,,1,2,,,,,,,,1,4
2013,Äquatorialguinea,,,1,,,,,,,,,,1
2013,Armenien,26,20,14,33,35,36,14,25,13,30,18,36,300
2013,Aserbaidschan,4,3,4,4,6,2,12,12,7,19,9,13,95
2013,Äthiopien,3,1,2,,2,,,2,5,2,,3,20
2013,Australien,,,,,1,,,,,,,,1
2013,Bangladesch,7,8,13,11,24,32,80,20,27,21,15,20,278
2013,Belarus,,,1,1,,1,4,,5,2,1,3,18
2013,Benin,,1,5,,,,,,,1,,,7
2013,Bhutan,,,,,,,,1,,,,,1
2013,Bolivien,,,1,,,,,,,,,,1
2013,Bosnien-Herzegowina,5,3,11,4,7,5,8,12,3,20,13,12,103
2013,Brasilien,1,1,,,,1,,,,,,,3
2013,Bulgarien,,,,1,,,,,,,,,1
2013,Burkina Faso,,,2,,1,,,3,,,,4,10
2013,Burundi,,,,3,,,,,,,,,3
2013,China Rep. (Taiwan),1,1,,1,2,,,,,,,,5
2013,China Volksrepublik,11,16,17,20,27,20,27,19,12,15,30,18,232
2013,Côte d’Ivoire,,1,1,2,2,2,9,6,,1,3,,27
2013,Deutschland,,,,1,,,,,1,1,,,3
2013,El Salvador,5,,,,,,,,,,,,5
2013,Eritrea,,,1,13,1,4,7,1,1,14,13,4,59
2013,Gabun,,,,,,,,1,,,1,,2
2013,Gambia,5,3,11,5,2,6,11,8,8,7,3,4,73
2013,Georgien,27,24,20,20,27,14,18,14,20,27,18,28,257
2013,Ghana,,2,1,2,6,5,3,3,2,4,5,5,38
2013,Guatemala,,,,,,,,,,,,1,1
2013,Guinea,3,3,4,7,6,9,4,4,2,3,6,1,52
2013,Guinea-Bissau,1,4,1,1,,,4,1,,,1,,13
2013,Honduras,,,,,,,,,,,,1,1
2013,Indien,31,22,25,29,33,26,41,23,34,14,31,30,339
2013,Irak,30,24,28,31,37,25,61,41,29,60,65,37,468
2013,Iran,69,51,34,55,43,40,72,38,49,61,39,44,595
2013,Israel,,,,,,1,,,1,7,,,9
2013,Italien,,,,1,,,,,,,,,1
2013,Jamaika,,,,,,,,1,,,,,1
2013,Jemen,,,,,1,,,,,1,1,1,4
2013,Jordanien,1,,1,2,3,3,,,3,,1,,14
2013,Kamerun,4,3,5,2,3,,3,6,4,3,,2,35
2013,Kasachstan,2,14,,10,,,3,1,18,2,,19,69
2013,Katar,,,,,,,1,,,,,,1
2013,Kenia,1,,,1,,,1,,1,1,,,5
2013,Kirgisistan,7,5,3,4,,4,6,3,1,11,3,5,52
2013,Komoren,,,,,,,,,,2,,,2
2013,Kongo,1,,,1,1,1,3,5,5,1,2,,20
2013,Kongo Demokr. Rep.,2,1,1,6,2,6,12,8,1,9,4,2,54
2013,Korea (Süd Republik),,,,,,,,,,,,1,1
2013,Kosovo,24,31,32,62,84,182,180,61,56,88,39,96,935
2013,Kroatien,1,1,,,,2,,,,,,,4
2013,Kuba,4,12,1,1,1,,,,1,3,,1,24
2013,Lettland,,,,,,,,,,,1,,1
2013,Libanon,,4,6,,3,1,,1,2,3,,,20
2013,Liberia,1,1,1,1,5,6,1,,,4,3,1,24
2013,Libyen,2,4,2,,1,1,1,5,10,4,1,6,37
2013,Mali,2,2,3,3,4,2,7,5,1,,1,1,31
2013,Marokko,13,28,53,66,45,99,48,52,37,29,27,19,516
2013,Mauretanien,,1,1,13,1,9,7,4,,3,,,39
2013,Mauritius,,,,,,,,1,,,,,1
2013,Mazedonien,7,8,15,18,22,12,10,5,11,28,14,20,170
2013,Moldau,2,2,6,2,2,1,2,4,10,2,1,1,35
2013,Mongolei,4,6,14,15,6,2,12,22,9,10,7,5,112
2013,Montenegro,1,,,,5,,1,,2,,1,,10
2013,Myanmar,,,,1,1,1,1,3,2,2,4,,15
2013,Nepal,4,1,2,3,,,1,2,5,4,1,2,25
2013,Nicaragua,,,,,1,,,,,,,,1
2013,Niederlande,,,1,,,,,,,,,,1
2013,Niger,,,1,1,,1,1,1,1,1,,,7
2013,Nigeria,46,49,99,49,62,89,67,42,54,63,34,37,691
2013,Pakistan,105,62,67,105,120,177,147,71,43,29,63,48,1037
2013,Palau (USA),,,,,,,,,,,,3,3
2013,Philippinen,,,2,,,,,,,,,,2
2013,Polen,,,1,,,,,,,,,,1
2013,Ruanda,,,,,,1,,,3,,,,4
2013,Rumänien,1,,,,2,1,,,,,,,4
2013,Russische Föderation,238,243,171,204,230,192,363,275,243,244,245,193,2841
2013,Sahara (Westsahara),,,1,1,1,6,,,2,,,,11
2013,Sambia,,,,,,,,,,1,,,1
2013,Senegal,1,2,,2,4,4,5,6,6,1,1,1,33
2013,Serbien,15,29,19,7,13,27,16,12,13,5,22,33,211
2013,Sierra Leone,3,1,1,4,7,4,1,2,5,3,1,,32
2013,Simbabwe,,,,,1,1,1,,1,1,1,1,7
2013,Slowakei,,,,,,,,,1,,,,1
2013,Slowenien,1,1,,,,,,,,,,,2
2013,Somalia,26,18,17,60,32,50,37,29,32,41,46,45,433
2013,Sri Lanka,2,1,2,6,1,1,4,,2,5,2,1,27
2013,staatenlos,10,3,13,7,9,21,21,54,17,44,29,25,253
2013,Südafrika,,,,1,,1,,,,,,,2
2013,Sudan,2,3,3,3,6,6,10,1,8,3,12,2,59
2013,Südsudan,1,,1,2,3,1,1,9,1,2,1,4,26
2013,Suriname,,,,,,,,,,,1,,1
2013,Syrien,118,100,84,91,88,123,102,102,201,338,336,308,1991
2013,Tadschikistan,,5,,,1,,9,9,2,9,15,1,51
2013,Tansania,,,,,,,,,1,,,,1
2013,Timor-Leste,1,,,,,,,,,,1,,2
2013,Togo,,,,,1,,1,,,,1,,3
2013,Tschad,,,1,,,1,,,,2,,,4
2013,Tschechische Republik,,,,,,,,1,,,,,1
2013,Tunesien,9,16,23,23,20,31,14,21,10,18,25,15,225
2013,Türkei,30,30,13,40,41,22,22,17,21,25,25,16,302
2013,Turkmenistan,,3,,,,1,,,,,,,4
2013,Uganda,,1,,2,,,1,,1,3,,1,9
2013,Ukraine,9,2,6,2,5,3,7,6,2,6,10,6,64
2013,Ungarn,,,,,,,1,,,,,,1
2013,ungeklärt,1,1,1,3,4,3,1,,,3,1,1,19
2013,USA,,,,1,,,,,,,,,1
2013,Usbekistan,4,,4,3,3,7,,7,6,4,,,38
2013,Venezuela,,1,,,,,,,,,,,1
2013,Vietnam,6,1,1,,,2,,,11,,,,21
2012,Afghanistan,307,215,353,355,344,322,406,405,348,433,271,246,4005
2012,Ägypten,5,16,13,1,8,20,5,8,14,8,8,17,123
2012,Albanien,2,,6,3,,,3,6,4,2,2,6,34
2012,Algerien,71,47,44,36,48,46,66,40,48,70,33,26,575
2012,Angola,3,,1,,,,,1,,,,1,6
2012,Armenien,22,19,27,31,20,28,36,37,28,32,36,30,346
2012,Aserbaidschan,10,5,2,4,11,13,5,4,14,20,17,6,111
2012,Äthiopien,,1,,1,1,,,4,3,3,,3,16
2012,Bangladesch,14,6,9,14,19,10,11,19,36,42,25,7,212
2012,Belarus,6,4,3,1,8,3,,8,4,1,4,,42
2012,Benin,,,,,,,,1,,,,1,2
2012,Bhutan,,,,1,,,,,,,1,,2
2012,Bosnien-Herzegowina,8,11,2,1,10,4,7,21,2,34,10,20,130
2012,Brasilien,,,,,,,1,,,,,,1
2012,Bulgarien,1,,,,,,,,1,1,,,3
2012,Burkina Faso,,,,,,2,,1,,,1,2,6
2012,Burundi,,,,,,,,,1,,,1,2
2012,China Rep. (Taiwan),1,1,,3,,1,,,,,,,6
2012,China Volksrepublik,30,19,21,11,25,17,19,11,20,24,15,23,235
2012,Côte d’Ivoire,2,1,2,,,,2,1,3,,1,1,13
2012,Deutschland,,,,,,,,,,,1,,1
2012,Dschibuti,,,,,1,1,,,,,,,2
2012,Eritrea,1,1,1,,1,4,1,,3,2,1,2,17
2012,Gabun,,,,,1,,,,,1,,,2
2012,Gambia,2,5,10,6,2,4,8,1,5,6,7,2,58
2012,Georgien,24,21,20,22,21,21,31,28,40,32,15,25,300
2012,Ghana,1,1,4,2,,4,3,2,2,2,5,1,27
2012,Guinea,2,2,4,2,4,3,1,4,3,4,4,2,35
2012,Guinea-Bissau,,,,1,1,1,,1,1,,1,1,7
2012,Haiti,1,,,,,,,,,,,,1
2012,Indien,39,27,31,37,40,39,42,32,26,36,25,27,401
2012,Irak,39,43,39,38,53,26,62,49,50,39,34,19,491
2012,Iran,53,42,62,60,45,39,49,56,84,139,69,63,761
2012,Israel,6,1,,,,,,3,,,1,,11
2012,Jamaika,,1,,,,,,,,,,,1
2012,Jemen,,1,,,,,,1,1,,,,3
2012,Jordanien,4,,,,,,,,4,,,2,10
2012,Kamerun,3,2,,2,5,3,2,2,6,4,9,6,44
2012,Kanada,,,,,1,,,,,,,,1
2012,Kasachstan,,,,,2,4,4,4,5,,2,9,30
2012,Katar,,,,,,,1,,,,,,1
2012,Kenia,1,2,2,,3,2,,,4,3,1,,18
2012,Kirgisistan,3,1,1,6,5,,2,14,,14,14,4,64
2012,Kongo Demokr. Rep.,,2,1,2,1,1,2,,1,1,2,1,14
2012,Kongo,4,6,,9,3,4,5,6,2,5,2,1,47
2012,Kosovo,21,14,30,30,31,20,14,10,20,45,45,34,314
2012,Kroatien,1,,,,1,2,,,2,1,,,7
2012,Kuba,,,,,,,4,,1,,1,2,8
2012,Lesotho,,,,,,,,1,,,,,1
2012,Lettland,1,,,,,,,,,1,,,2
2012,Libanon,10,1,,,1,6,3,4,5,4,5,1,40
2012,Liberia,2,,4,,3,2,1,3,2,,,1,18
2012,Libyen,,3,,5,5,1,1,,4,5,1,4,29
2012,Mali,,1,1,5,5,,1,1,2,5,1,,22
2012,Marokko,29,24,33,14,16,13,30,29,52,65,23,26,354
2012,Mauretanien,1,,3,,,,1,,1,2,,,8
2012,Mauritius,,,,,,,,,,,,1,1
2012,Mazedonien,8,7,6,3,23,18,2,16,10,20,1,8,122
2012,Moldau,2,1,1,7,,5,12,2,4,7,8,5,54
2012,Mongolei,14,6,9,16,6,5,12,15,15,8,12,6,124
2012,Montenegro,1,1,,1,,,,,7,,,6,16
2012,Myanmar,1,,3,,3,,,1,,,,3,11
2012,Nepal,3,5,2,,4,6,4,6,3,2,4,3,42
2012,Niger,,1,,,1,,1,,,1,,1,5
2012,Nigeria,38,38,52,27,28,33,24,25,45,43,28,19,400
2012,Pakistan,48,31,64,95,111,115,153,285,262,302,254,103,1823
2012,Peru,,,,,,,,,,,1,,1
2012,Philippinen,,,,,,,,,3,,,,3
2012,Polen,,,,,,,1,,,1,,,2
2012,Ruanda,,,1,1,,,,,,,,1,3
2012,Rumänien,1,,,1,,,6,,,1,,4,13
2012,Russische Föderation,241,148,185,201,187,219,371,319,302,362,285,271,3091
2012,Sambia,1,,,,,,,,,,,,1
2012,Saudi Arabien,,,,,,,,,,,,1,1
2012,Senegal,1,3,1,3,,1,1,,,4,2,,16
2012,Serbien,8,30,18,24,13,13,11,21,53,41,33,27,292
2012,Sierra Leone,3,1,1,1,1,3,4,1,2,2,1,2,22
2012,Simbabwe,,1,,1,,,1,1,,1,,,5
2012,Singapur,,,,,,1,,,,,,,1
2012,Slowakei,,,,,,,,1,,,,2,3
2012,Somalia,67,35,29,29,46,36,48,78,39,32,17,25,481
2012,Sri Lanka,,,6,,2,4,5,2,,,,5,24
2012,staatenlos,13,15,7,5,13,9,16,7,22,14,15,13,149
2012,Sudan,4,5,4,4,1,1,6,3,7,5,3,4,47
2012,Südsudan,1,1,4,,,,,2,2,6,,2,18
2012,Syrien,56,64,33,64,79,65,90,93,88,112,109,62,915
2012,Tadschikistan,5,2,,,12,,7,10,8,7,2,6,59
2012,Timor-Leste,,1,2,,2,,,,,1,,1,7
2012,Togo,,1,1,,2,,,,1,,,,5
2012,Tschad,,1,,,,,4,,,3,,,8
2012,Tschechische Republik,,,,,,,,1,,,,,1
2012,Tunesien,24,15,25,25,23,12,13,5,16,18,12,10,198
2012,Türkei,27,32,26,19,30,11,18,21,14,25,28,22,273
2012,Turkmenistan,,,,,,,,,1,,1,,2
2012,Uganda,,1,,,1,,1,,,1,1,,5
2012,Ukraine,8,3,4,7,3,2,12,14,10,8,2,6,79
2012,Ungarn,1,,,,,,,,,,,,1
2012,ungeklärt,1,2,4,2,7,1,1,6,3,1,3,,31
2012,Usbekistan,3,,1,,1,,,3,3,,8,1,20
2012,Vietnam,,,,,1,4,,,3,3,,7,18
2011,Afghanistan,145,189,188,192,194,238,396,494,390,489,327,367,3609
2011,Ägypten,3,8,15,10,12,6,9,23,9,10,9,10,124
2011,Albanien,2,4,1,,2,2,2,,1,2,,1,17
2011,Algerien,26,31,21,23,8,19,74,35,58,79,32,41,447
2011,Angola,,2,2,1,1,1,,1,1,2,,3,14
2011,Äquatorialguinea,,,,,,,,,,,1,,1
2011,Armenien,14,13,17,17,25,21,25,12,12,20,20,28,224
2011,Aserbaidschan,9,7,2,5,8,9,5,8,15,10,8,3,89
2011,Äthiopien,3,3,,1,1,,,,1,2,1,1,13
2011,Australien,,,,,,,,,,1,,,1
2011,Bangladesch,6,8,2,6,6,15,3,3,6,8,13,11,87
2011,Belarus,3,5,2,3,1,3,1,1,2,6,5,6,38
2011,Benin,,1,,,1,,2,,,,1,,5
2011,Bhutan,,,,,,,,,1,,,,1
2011,Bolivien,,5,,,,,,,,,,,5
2011,Bosnien-Herzegowina,3,2,4,5,6,12,6,2,7,4,1,12,64
2011,Bulgarien,,,,1,,,,1,,,,,2
2011,Burkina Faso,,,,1,,,,,1,,,,2
2011,China Rep. (Taiwan),,,,2,4,4,1,1,1,,1,1,15
2011,China Volksrepublik,25,7,15,15,22,19,18,23,17,22,21,19,223
2011,Côte d’Ivoire,4,1,5,4,2,,3,2,4,3,2,3,33
2011,Dschibuti,2,,,,,,,,,,,,2
2011,Eritrea,,4,,2,4,,4,1,2,2,2,6,27
2011,Gambia,15,6,4,9,9,4,6,3,4,5,5,3,73
2011,Georgien,17,17,17,14,33,12,35,18,19,20,32,27,261
2011,Ghana,2,3,3,4,3,1,10,,2,2,1,1,32
2011,Guinea,2,4,3,5,3,5,3,7,1,,4,4,41
2011,Guinea-Bissau,4,1,2,5,1,1,,3,2,3,1,1,24
2011,Haiti,,,,,,1,,,,,,,1
2011,Indien,34,27,32,42,45,48,41,72,36,35,35,29,476
2011,Irak,42,61,37,27,38,22,44,51,57,45,22,38,484
2011,Iran,31,28,37,32,21,21,37,39,42,47,48,74,457
2011,Israel,1,1,,,1,,1,1,1,,,,6
2011,Italien,,,,,,,,1,,,1,,2
2011,Jemen,,,,,2,,1,2,1,,1,,7
2011,Jordanien,,1,,1,,2,,,,1,2,1,8
2011,Kamerun,3,2,1,4,7,,,1,4,,5,2,29
2011,Kasachstan,2,2,5,3,1,,4,,4,3,4,2,30
2011,Kenia,1,2,1,,,3,2,,,,1,,10
2011,Kirgisistan,3,7,5,8,2,8,8,7,9,8,3,3,71
2011,Kolumbien,1,,,1,,,,,,1,,,3
2011,Komoren,,,,1,,,,,,,2,,3
2011,Kongo,1,4,6,,,,,,10,,8,2,31
2011,Kongo Demokr. Rep.,3,3,1,3,3,8,7,4,4,7,4,4,51
2011,Kosovo,41,23,26,43,40,30,41,23,19,28,30,14,358
2011,Kroatien,,1,,,,,,,,,,1,2
2011,Kuba,1,,,2,,,,,,1,,,4
2011,Libanon,4,2,1,5,5,2,1,,2,4,,1,27
2011,Liberia,1,3,2,,6,1,1,,1,1,4,,20
2011,Libyen,,,4,6,3,7,10,7,4,12,3,1,57
2011,Litauen,,1,,,,,,,,,,,1
2011,Madagaskar,,,,,,,,,,,,1,1
2011,Mali,1,2,1,4,2,4,,,1,1,4,,20
2011,Marokko,16,12,9,14,9,22,51,52,48,41,19,20,313
2011,Mauretanien,,2,,,,,1,,1,2,,,6
2011,Mazedonien,9,13,8,5,8,3,10,2,7,2,2,12,81
2011,Mexiko,,,,,,,,,,,,1,1
2011,Moldau,1,3,7,3,9,13,8,15,5,2,11,2,79
2011,Mongolei,10,11,13,8,3,6,5,7,12,26,13,11,125
2011,Montenegro,,,,,,1,4,,,,,1,6
2011,Myanmar,,,,,,,,,1,,,,1
2011,Nepal,,3,4,3,4,3,23,12,16,6,9,3,86
2011,Nicaragua,,,,1,,,,,,,,,1
2011,Niederlande,1,,,,,,,,,,,,1
2011,Niger,,2,,1,1,,1,1,2,,,,8
2011,Nigeria,40,39,39,31,55,38,34,16,26,34,38,24,414
2011,Pakistan,27,24,45,41,32,63,143,184,109,119,100,62,949
2011,Philippinen,,,,,3,,1,,,,1,,5
2011,Polen,,,,1,,,1,,2,,,,4
2011,Ruanda,,2,1,,,2,1,,,1,,,7
2011,Rumänien,,2,,2,1,1,,,,,8,1,15
2011,Russische Föderation,164,137,195,198,185,202,189,241,219,218,172,194,2314
2011,Sahara (Westsahara),,,1,,,,,,,,,,1
2011,Sambia,,,,,1,,,1,,,,,2
2011,Schweden,,,,,,,1,,,,,,1
2011,Senegal,2,,3,,4,1,,4,3,2,1,4,24
2011,Serbien,22,31,15,10,15,9,11,11,11,12,31,5,183
2011,Sierra Leone,2,2,2,3,6,1,8,5,1,1,1,,32
2011,Simbabwe,2,2,,3,,1,,,,,,,8
2011,Slowakei,3,,,,,,,,,,4,,7
2011,Somalia,14,19,33,20,26,53,83,66,109,45,65,77,610
2011,Sri Lanka,1,1,2,,,,2,1,3,1,,2,13
2011,staatenlos,17,18,24,21,11,17,21,14,10,6,16,12,187
2011,Sudan,2,12,4,5,14,4,6,2,8,5,7,11,80
2011,Syrien,26,17,22,30,19,37,34,38,44,76,36,43,422
2011,Tadschikistan,2,3,1,4,8,7,6,,2,6,3,3,45
2011,Tansania,,1,,,,1,,,,,,,2
2011,Timor-Leste,,,,,,,,,,,,1,1
2011,Togo,,1,,,1,1,1,,,1,1,,6
2011,Trinidad und Tobago,,,1,,,,,,,,,,1
2011,Tschad,,,,,,1,,,3,,,,4
2011,Tschechische Republik,,,,,,,,,,,1,,1
2011,Tunesien,11,14,16,18,15,11,23,11,21,22,9,11,182
2011,Türkei,52,39,40,37,35,35,23,50,25,38,21,19,414
2011,Uganda,1,,1,,,,,,4,1,,1,8
2011,Ukraine,1,4,9,10,2,5,5,5,8,5,3,6,63
2011,Ungarn,,,,1,,1,,,,,,,2
2011,ungeklärt,1,3,6,,5,6,1,3,4,7,,2,38
2011,USA,,,,,,1,,,,,,,1
2011,Usbekistan,,,3,2,1,2,1,,4,7,4,1,25
2011,Vietnam,,,1,,,2,,1,,,,,4
2010,Afghanistan,176,154,117,89,123,152,110,135,101,149,155,121,1582
2010,Ägypten,6,4,8,2,4,9,8,7,4,10,7,7,76
2010,Albanien,,3,1,2,3,,1,,2,1,1,3,17
2010,Algerien,16,12,20,29,20,28,24,22,17,36,39,41,304
2010,Angola,2,2,2,1,,1,2,,,,1,,11
2010,Äquatorialguinea,,,,,,,1,,,,,,1
2010,Armenien,19,15,28,9,18,21,18,38,35,22,22,33,278
2010,Aserbaidschan,3,1,16,8,5,4,9,17,12,5,4,3,87
2010,Äthiopien,3,1,1,1,,1,3,,,1,,4,15
2010,Australien,,,,,,,1,,,,,,1
2010,Bangladesch,4,10,13,3,9,9,10,13,10,9,11,15,116
2010,Belarus,7,4,9,,5,,4,3,,4,2,2,40
2010,Benin,,,,,1,1,,,2,3,1,,8
2010,Bosnien-Herzegowina,4,2,6,7,5,3,11,9,3,3,10,5,68
2010,Bulgarien,,,,2,,,,1,,1,,,4
2010,Burkina Faso,2,,,,,,,,1,,,,3
2010,Burundi,,,1,,,,,2,,,,,3
2010,China Rep. (Taiwan),1,2,1,,,,,3,3,5,1,1,17
2010,China Volksrepublik,17,16,19,16,10,18,14,14,25,22,21,8,200
2010,Côte d’Ivoire,2,1,,,1,,,2,2,2,2,3,15
2010,Deutschland,,,,,,,,,,,,1,1
2010,Dominikanische Republik,,,,,,,,,,,1,,1
2010,Eritrea,1,1,1,,1,2,1,3,,1,,,11
2010,Gabun,1,,,1,1,,1,,1,1,,,6
2010,Gambia,8,9,15,6,12,7,9,8,7,8,3,5,97
2010,Georgien,22,31,53,27,33,49,40,26,32,23,18,16,370
2010,Ghana,2,,1,,,2,,3,5,,1,2,16
2010,Guinea,1,,3,2,2,1,2,8,5,1,5,5,35
2010,Guinea-Bissau,1,1,4,3,2,1,,1,2,3,1,2,21
2010,Haiti,,,,,1,,,,,,1,,2
2010,Indien,29,33,31,42,47,41,42,35,26,33,42,32,433
2010,Irak,24,27,17,30,23,20,37,52,19,32,28,27,336
2010,Iran,15,20,19,28,33,32,54,45,43,37,29,32,387
2010,Israel,,2,1,,1,2,,,6,2,1,1,16
2010,Jamaika,1,,,,,,,,,,,,1
2010,Jemen,,,,,1,1,1,,,,,,3
2010,Jordanien,,,,,,,,1,1,,,,2
2010,Kamerun,2,3,1,2,2,5,4,3,1,7,,1,31
2010,Kanada,,,,,,,,1,,,,,1
2010,Kasachstan,1,1,1,1,1,1,1,6,,8,2,,23
2010,Kenia,,2,,,1,1,1,1,1,,1,1,9
2010,Kirgisistan,6,5,8,2,4,5,9,9,6,2,24,21,101
2010,Kolumbien,,,,,,,2,,,,,,2
2010,Kongo,,,,,3,,,2,5,2,2,,14
2010,Kongo Demokr. Rep.,3,1,2,,2,8,1,1,2,4,4,,28
2010,Korea (Nord Dem. VR),,2,,,,,,,,,,,2
2010,Korea (Süd Republik),,,1,,,,,,,,,,1
2010,Kosovo,40,72,62,40,60,52,40,70,54,51,49,32,622
2010,Kroatien,,,1,,,,,1,,,,2,4
2010,Kuba,,1,,,,,,,1,,,1,3
2010,Kuwait,,,,,,,,1,,,,,1
2010,Libanon,7,2,2,2,2,5,2,2,4,1,10,1,40
2010,Liberia,,1,1,3,4,3,1,1,2,4,3,,23
2010,Libyen,,,1,,,1,,1,,,2,1,6
2010,Malediven,,,,,,,,,,,,1,1
2010,Mali,,3,2,1,4,1,,3,2,4,5,1,26
2010,Marokko,10,9,10,8,14,5,13,6,14,16,16,16,137
2010,Mauretanien,,,1,,,,1,,,,,,2
2010,Mazedonien,2,8,8,6,7,12,9,114,12,6,1,9,194
2010,Moldau,6,9,11,8,19,12,13,11,20,7,2,9,127
2010,Mongolei,26,14,21,16,20,11,6,16,10,11,9,2,162
2010,Montenegro,,,,,,,1,,,,,2,3
2010,Myanmar,,,,,,,,,,1,,,1
2010,Nepal,1,,1,2,2,13,,3,1,4,,1,28
2010,Niger,1,1,,4,,1,3,,,,1,1,12
2010,Nigeria,62,53,45,52,59,40,49,53,37,37,42,44,573
2010,Pakistan,10,13,20,21,24,24,26,34,21,28,33,22,276
2010,Philippinen,,1,1,1,1,,1,,,,,,5
2010,Polen,,,,,,,,,,1,,,1
2010,Ruanda,2,1,,,,3,,,2,,,,8
2010,Rumänien,,,,,,1,,1,,,,,2
2010,Russische Föderation,154,137,168,153,211,168,198,252,252,184,232,213,2322
2010,Schweiz,,,,,,,1,,,,,,1
2010,Senegal,1,2,5,2,2,3,4,5,2,3,1,3,33
2010,Serbien,15,18,36,24,15,15,24,44,42,40,39,38,350
2010,Sierra Leone,,1,3,3,2,1,1,,1,1,3,1,17
2010,Simbabwe,4,,,2,1,7,,2,1,,,,17
2010,Slowakei,,,,,,,1,,,,,,1
2010,Somalia,7,6,8,12,10,27,13,27,20,32,18,10,190
2010,Sri Lanka,1,,1,1,,3,1,,,4,1,2,14
2010,staatenlos,17,9,16,19,17,11,10,14,12,14,20,6,165
2010,Sudan,3,2,1,1,4,1,5,4,8,6,5,4,44
2010,Syrien,17,12,9,9,12,10,4,49,19,14,13,26,194
2010,Tadschikistan,4,1,1,,,2,,6,1,1,,11,27
2010,Togo,,,,,,,,1,1,,,1,3
2010,Tschad,,,1,,,,,,,,,,1
2010,Tschechische Republik,,,,1,,,,,,1,,1,3
2010,Tunesien,1,5,2,6,7,5,3,3,3,7,8,5,55
2010,Türkei,19,33,17,37,29,30,41,32,29,39,29,34,369
2010,Uganda,1,,1,1,,,6,1,,,3,,13
2010,Ukraine,4,10,10,5,4,3,5,8,7,12,6,8,82
2010,ungeklärt,4,1,4,4,5,3,1,3,5,4,2,4,40
2010,Usbekistan,,2,4,,,1,2,1,,2,2,,14
2010,Vietnam,,,,,,,,1,,,2,1,4
2009,Afghanistan,179,168,139,133,160,134,117,211,247,231,224,294,2237
2009,Ägypten,5,7,4,7,10,7,1,,11,13,5,2,72
2009,Albanien,7,1,2,3,13,9,4,3,13,5,2,6,68
2009,Algerien,16,27,23,28,12,29,27,20,14,15,17,20,248
2009,Angola,,3,,,,2,1,,1,,2,1,10
2009,Armenien,30,26,52,18,24,51,43,40,27,31,42,56,440
2009,Aserbaidschan,5,20,13,11,3,10,11,18,10,14,13,6,134
2009,Äthiopien,1,1,2,1,,,,2,1,,4,,12
2009,Australien,,,1,,,,,,,,,,1
2009,Bangladesch,5,6,13,3,4,12,14,2,13,8,8,7,95
2009,Belarus,6,3,7,2,5,5,13,3,6,10,5,8,73
2009,Benin,1,,,,,,,,2,,1,2,6
2009,Bolivien,,,,3,,,,,,,,,3
2009,Bosnien-Herzegowina,1,4,2,7,2,5,6,4,2,3,5,9,50
2009,Bulgarien,,,,,,,,1,,1,,1,3
2009,Burkina Faso,,,,,,2,,,,,1,,3
2009,Burundi,,,1,1,1,,,,,,,,3
2009,China Rep. (Taiwan),3,2,5,,3,,3,1,2,9,1,1,30
2009,China Volksrepublik,18,22,46,53,32,26,37,19,40,28,25,22,368
2009,Côte d’Ivoire,,,1,,,1,1,2,,,3,3,11
2009,Ecuador,,,,,,,,,1,,,,1
2009,Eritrea,2,,1,3,2,1,,2,1,,4,2,18
2009,Gabun,,,2,,1,1,,1,,,1,,6
2009,Gambia,7,14,5,12,11,12,7,6,14,3,25,10,126
2009,Georgien,49,33,62,31,47,68,102,150,116,149,85,83,975
2009,Ghana,1,2,2,2,1,2,4,4,,3,4,3,28
2009,Griechenland,,,,,,1,,,,,,,1
2009,Guatemala,,,,,,,1,,,,,,1
2009,Guinea,3,13,3,7,7,3,2,5,2,4,3,4,56
2009,Guinea-Bissau,,1,3,1,4,5,,3,2,4,1,1,25
2009,Indien,45,37,46,45,30,33,44,24,34,24,31,34,427
2009,Irak,37,32,42,19,38,28,28,29,45,52,18,31,399
2009,Iran,25,19,25,13,15,33,30,42,41,30,29,38,340
2009,Israel,2,,,,,2,,,1,1,,1,7
2009,Jordanien,,,,,1,,,,5,1,,1,8
2009,Kamerun,,4,3,5,3,2,3,2,1,4,1,11,39
2009,Kasachstan,13,6,2,5,5,1,4,2,1,1,,3,43
2009,Kenia,1,,1,3,1,1,1,1,1,1,1,1,13
2009,Kirgisistan,4,6,2,4,3,1,,2,2,6,,1,31
2009,Kolumbien,1,,,,,,,,,,,,1
2009,Kongo,,1,,3,1,3,6,1,1,1,,1,18
2009,Kongo Demokr. Rep.,6,6,4,1,7,8,8,4,6,2,4,5,61
2009,Korea (Süd Republik),,,,,,,1,,,,,,1
2009,Kosovo,105,98,135,113,120,124,93,87,140,134,105,78,1332
2009,Kroatien,,,1,,1,,,,1,,,2,5
2009,Kuba,,1,2,,,,,1,,,2,,6
2009,Lettland,,,,1,,1,,,,,,,2
2009,Libanon,3,2,8,5,,2,,,2,2,3,10,37
2009,Liberia,3,2,1,,1,3,1,2,3,2,3,2,23
2009,Libyen,,,,,1,2,,,3,,,2,8
2009,Litauen,1,,,,,,,1,,,,,2
2009,Mali,2,1,,,1,,2,,1,1,1,,9
2009,Marokko,13,3,9,3,4,6,16,5,3,13,8,7,90
2009,Mauretanien,1,,,1,,,1,,,,2,,5
2009,Mazedonien,20,35,16,8,15,15,9,13,10,9,2,6,158
2009,Moldau,9,7,14,14,18,18,31,14,24,27,18,23,217
2009,Mongolei,19,36,38,29,25,12,15,23,23,23,23,35,301
2009,Montenegro,,1,,2,,,,,,5,,,8
2009,Myanmar,,,,,1,,,,,,1,,2
2009,Nepal,2,,3,6,2,4,8,3,3,2,3,5,41
2009,Niederlande,,,,,,,,,,,1,,1
2009,Niger,,,1,,2,4,,1,4,1,1,1,15
2009,Nigeria,49,64,67,70,75,65,83,78,52,69,81,84,837
2009,Nordjemen,,,,1,,,1,,,,,,2
2009,Pakistan,10,11,18,16,17,21,11,16,26,10,17,10,183
2009,Philippinen,,,1,,2,,,,4,,,,7
2009,Polen,,1,1,1,,,,,,,,,3
2009,Ruanda,,,,,1,1,,,2,,,2,6
2009,Rumänien,3,5,,2,1,,,,2,,1,,14
2009,Russische Föderation,297,306,268,249,286,262,350,266,315,292,305,363,3559
2009,Sahara (Westsahara),,,,,,1,,,,,1,1,3
2009,Saudi Arabien,,,,,,,,,,,,1,1
2009,Senegal,2,,1,1,2,4,,,1,1,2,2,16
2009,Serbien,74,84,65,82,85,92,71,53,34,21,20,20,701
2009,Sierra Leone,1,2,3,3,,1,1,5,4,2,2,2,26
2009,Simbabwe,1,3,,1,,,1,2,,2,,2,12
2009,Slowakei,,,1,1,1,,,,,,,1,4
2009,Slowenien,,,,,,,,,,1,,1,2
2009,Somalia,19,28,23,45,23,44,35,15,20,31,40,21,344
2009,Sri Lanka,1,1,1,4,2,7,1,2,1,1,,3,24
2009,staatenlos,16,5,17,17,7,16,15,16,9,6,14,11,149
2009,Südafrika,1,,,,,,1,,,,,,2
2009,Sudan,3,2,4,2,3,9,4,4,4,8,3,2,48
2009,Syrien,9,16,21,34,16,26,13,30,29,37,35,13,279
2009,Tadschikistan,6,3,2,,3,,2,2,2,,2,3,25
2009,Togo,,,,,,,,,,1,1,1,3
2009,Trinidad und Tobago,,,,,,,,,,,1,,1
2009,Tschad,,,,1,,,,,,1,,,2
2009,Tschechische Republik,,,,1,,,,,,,,,1
2009,Tunesien,6,,2,3,2,3,2,1,1,3,,2,25
2009,Türkei,43,45,53,37,37,43,54,20,41,95,38,48,554
2009,Turkmenistan,1,,,,,,,,,,,,1
2009,Uganda,,,2,,,,,1,,,,,3
2009,Ukraine,19,7,11,9,12,8,10,5,12,5,8,14,120
2009,Ungarn,,,,1,1,,,,,,,,2
2009,ungeklärt,,3,5,1,3,,8,3,2,1,6,3,35
2009,Uruguay,,1,,,,,,,,,,,1
2009,USA,1,,1,,,4,,,1,,,,7
2009,Usbekistan,,3,3,2,6,2,7,7,3,6,4,2,45
2009,Vietnam,,3,1,,1,1,2,3,1,2,,6,20
2008,Afghanistan,79,73,53,99,81,104,128,151,136,144,137,197,1382
2008,Ägypten,6,7,4,4,4,7,2,12,6,9,3,11,75
2008,Albanien,1,4,2,2,,1,2,4,4,5,3,6,34
2008,Algerien,13,10,10,12,7,5,12,16,20,19,30,19,173
2008,Angola,,,2,5,4,,3,2,1,1,2,,20
2008,Äquatorialguinea,,,,,,,,1,,,,,1
2008,Armenien,30,28,21,33,21,42,20,35,39,33,30,28,360
2008,Aserbaidschan,13,,7,11,8,6,13,,15,20,4,20,117
2008,Äthiopien,1,,,1,2,2,3,4,1,2,2,2,20
2008,Bangladesch,8,6,4,4,2,4,3,3,6,,5,7,52
2008,Barbados,,,,,,,1,,,,,,1
2008,Belarus,8,3,5,3,5,2,2,4,4,9,11,5,61
2008,Benin,,1,,,1,,,,,1,1,1,5
2008,Bosnien-Herzegowina,9,11,,5,7,4,3,10,15,15,16,15,110
2008,Bulgarien,,,,,,2,,2,,1,,,5
2008,Burundi,,,,,,1,,1,,,,,2
2008,China Rep. (Taiwan),4,,1,,2,1,,1,,3,,1,13
2008,China Volksrepublik,15,16,19,25,12,18,12,21,17,18,26,24,223
2008,Côte d’Ivoire,1,,1,,,2,,2,1,2,2,1,12
2008,Deutschland,,,,,,,,1,,,,,1
2008,Dschibuti,1,,,,,,,,,,,,1
2008,Eritrea,2,,4,1,,2,1,4,2,1,1,1,19
2008,Gabun,,,,,,,,,,,1,,1
2008,Gambia,2,9,10,5,10,9,2,3,7,5,13,8,83
2008,Georgien,25,21,38,34,31,39,45,52,56,64,55,51,511
2008,Ghana,,5,,,6,6,2,,2,2,,4,27
2008,Guinea,3,1,2,2,2,,9,4,5,2,3,3,36
2008,Guinea-Bissau,,1,,1,,3,,2,,2,1,2,12
2008,Indien,25,20,16,19,20,31,37,34,45,45,35,28,355
2008,Irak,35,26,43,46,23,40,51,48,32,51,51,44,490
2008,Iran,26,20,19,17,11,13,12,16,26,35,30,25,250
2008,Israel,3,1,,,1,,1,,,3,,2,11
2008,Italien,,1,,,,,,,,,,,1
2008,Jordanien,1,1,1,1,,,1,2,,4,2,,13
2008,Kamerun,5,6,3,2,5,6,6,3,3,4,8,6,57
2008,Kasachstan,,3,,2,1,2,,5,5,3,6,,27
2008,Kenia,1,1,4,,2,,2,,2,,2,1,15
2008,Kirgisistan,2,3,7,6,,3,1,8,11,22,1,2,66
2008,Kongo,2,2,1,1,2,,1,,2,1,,2,14
2008,Kongo Demokr. Rep.,3,3,6,7,3,6,14,7,5,4,6,1,65
2008,Kosovo,27,26,57,82,48,38,96,71,129,121,92,105,892
2008,Kroatien,,,,,,,1,,,,,,1
2008,Kuba,,1,,,1,,,,,,1,,3
2008,Laos,,,,,,,1,,,,,,1
2008,Lettland,,,1,,,,,,,,,1,2
2008,Libanon,5,6,,1,1,2,7,3,1,6,4,3,39
2008,Liberia,1,2,1,3,1,2,,1,2,1,3,,17
2008,Libyen,1,,,4,,,,,,,1,2,8
2008,Litauen,,,1,,,,,,,,,,1
2008,Mali,,,,,,1,,,1,1,1,1,5
2008,Marokko,5,5,13,9,6,11,13,17,6,14,17,24,140
2008,Mauretanien,,,,,,,2,,2,,1,,5
2008,Mazedonien,10,19,12,16,9,16,15,31,29,16,16,16,205
2008,Moldau,8,11,5,17,20,20,28,34,34,19,20,9,225
2008,Mongolei,21,14,9,12,5,6,11,25,6,14,30,22,175
2008,Montenegro,1,,1,1,2,,6,,2,,,,13
2008,Myanmar,3,,,,,,,2,,,,,5
2008,Nepal,7,8,2,1,,5,1,,3,1,2,,30
2008,Niger,,,,,1,,,,,,,,1
2008,Nigeria,45,43,43,43,43,36,43,61,46,38,51,43,535
2008,Nordjemen,,,,1,,1,,,,,,1,3
2008,Pakistan,3,9,1,4,4,8,10,4,17,12,21,13,106
2008,Peru,,,,,,,,,1,,,,1
2008,Philippinen,,,,,,,,,1,,2,,3
2008,Polen,,,,2,,,1,,,,,1,4
2008,Portugal,,,1,,,,,,,,,,1
2008,Ruanda,,,,,1,,,1,,1,,,3
2008,Rumänien,2,1,,3,1,,1,2,,1,4,1,16
2008,Russische Föderation,421,263,203,214,239,154,291,271,338,385,289,367,3435
2008,Senegal,1,,,2,,1,3,,,3,,2,12
2008,Serbien,109,99,54,28,58,36,30,67,83,103,78,65,810
2008,Sierra Leone,1,,1,2,1,1,2,1,,1,,,10
2008,Simbabwe,,,,1,2,1,1,2,,,5,,12
2008,Slowakei,,,,1,,,,,,1,,,2
2008,Somalia,43,32,44,20,30,41,43,35,29,40,28,26,411
2008,Sri Lanka,1,2,1,,,2,1,1,3,,,3,14
2008,staatenlos,9,8,6,12,22,6,16,11,9,10,18,7,134
2008,Südafrika,,,,,4,,,,1,,,,5
2008,Sudan,5,1,,3,3,1,1,5,8,6,3,3,39
2008,Syrien,10,7,10,8,12,14,21,13,12,10,11,12,140
2008,Tadschikistan,,1,,,,2,,4,,,1,,8
2008,Togo,,,1,,,,1,,2,,3,1,8
2008,Tschechische Republik,,,,,,,,,1,,,,1
2008,Tunesien,,,1,4,1,2,3,,1,2,4,3,21
2008,Türkei,27,32,43,34,29,29,27,25,45,55,38,33,417
2008,Turkmenistan,,,,,,,,,,,1,,1
2008,Uganda,,,,1,,,1,1,1,1,1,1,7
2008,Ukraine,14,10,16,10,11,13,15,10,11,13,6,10,139
2008,Ungarn,,,,,2,,,,,,,,2
2008,ungeklärt,2,3,2,,1,1,3,1,2,1,1,1,18
2008,USA,,,,,,1,,,,,,,1
2008,Usbekistan,4,,,1,,2,5,6,1,,1,6,26
2008,Venezuela,1,,,,,,,,,,,,1
2008,Vietnam,2,1,,,1,1,,,,,1,,6
2007,Afghanistan,31,56,65,59,51,57,69,33,91,61,91,97,761
2007,Ägypten,4,6,5,6,3,2,13,8,5,7,8,7,74
2007,Albanien,6,1,8,1,8,2,1,2,,5,14,5,53
2007,Algerien,11,10,11,10,7,4,11,3,5,14,17,6,109
2007,Angola,1,,1,,2,1,3,2,,1,,5,16
2007,Äquatorialguinea,,,,,1,,,,,,,,1
2007,Armenien,37,36,46,33,14,39,21,53,33,43,19,31,405
2007,Aserbaidschan,4,4,2,2,8,7,18,15,11,15,6,13,105
2007,Äthiopien,,2,1,1,1,1,1,,1,1,,1,10
2007,Bangladesch,4,12,4,4,6,7,6,1,4,7,10,5,70
2007,Belarus,8,11,5,3,10,9,7,8,3,9,1,3,77
2007,Benin,,1,,,,,,1,,,,,2
2007,Bolivien,2,,,,,,,,,,,,2
2007,Bosnien-Herzegowina,9,8,11,7,8,5,8,5,7,3,7,2,80
2007,Brasilien,,,,1,,,,,,,,,1
2007,Bulgarien,,,,2,,,,,,,,,2
2007,Burkina Faso,,2,,,,1,,1,,,,,4
2007,Burundi,,,2,,,,,,,1,,,3
2007,China Rep. (Taiwan),,,1,1,4,2,1,1,2,,1,1,14
2007,China Volksrepublik,21,14,18,26,15,14,18,23,13,29,5,13,209
2007,Côte d’Ivoire,2,,,,,,,,3,1,5,,11
2007,Deutschland,,,,,,,,1,,,,,1
2007,Dominikanische Republik,1,,,,,,,,,,,,1
2007,Eritrea,,,1,,2,,,1,2,3,1,4,14
2007,Estland,,,,1,3,,,,,,,,4
2007,Gabun,,,,,,,1,,,,,,1
2007,Gambia,18,14,7,10,5,4,6,5,10,3,7,4,93
2007,Georgien,20,36,46,41,34,39,30,33,34,42,21,24,400
2007,Ghana,,1,6,4,1,1,2,2,,7,,,24
2007,Griechenland,,1,,,,,,,,,,,1
2007,Guatemala,,,,,5,,,,,,,,5
2007,Guinea,2,1,5,3,1,2,,3,2,3,2,2,26
2007,Guinea-Bissau,,1,3,1,1,,1,,,,1,,8
2007,Haiti,,,,,,,1,,,,,,1
2007,Indien,38,27,29,32,25,45,53,35,38,21,20,22,385
2007,Indonesien,,,,,,,,,,,,1,1
2007,Irak,28,34,42,34,19,38,48,61,38,39,52,39,472
2007,Iran,29,13,25,14,13,26,22,12,25,35,22,12,248
2007,Israel,,3,5,1,2,,,,,1,,1,13
2007,Italien,,,,,,,,,2,,,,2
2007,Jordanien,,,,3,,,,,1,,2,1,7
2007,Kambodscha,,,,,,1,,,,,,,1
2007,Kamerun,2,2,2,2,1,,2,,12,2,4,8,37
2007,Kasachstan,,,,1,,,,,,1,,,2
2007,Kenia,,,,,1,2,1,,,3,2,3,12
2007,Kirgisistan,8,5,4,7,1,2,1,11,1,8,1,8,57
2007,Kolumbien,,,,,,,,,1,,,,1
2007,Kongo,2,5,,,2,,1,2,1,4,3,,20
2007,Kongo Demokr. Rep.,,3,1,1,3,8,4,5,7,2,2,1,37
2007,Kroatien,,1,,2,2,1,,,1,1,1,,9
2007,Kuba,1,1,,,4,,1,1,1,4,1,1,15
2007,Libanon,6,1,11,1,6,3,8,5,10,4,6,2,63
2007,Liberia,1,2,,3,1,,2,1,1,3,4,,18
2007,Libyen,,,,,,,1,,,,1,1,3
2007,Mali,,2,,,,,,,,,2,1,5
2007,Marokko,12,4,10,4,3,4,2,1,6,6,1,2,55
2007,Mauretanien,,,,,,1,,,1,,,,2
2007,Mazedonien,14,12,7,14,14,10,11,21,21,10,13,10,157
2007,Moldau,127,69,22,23,43,33,53,87,38,38,9,3,545
2007,Mongolei,34,26,33,21,27,32,23,27,10,26,19,19,297
2007,Montenegro,,2,1,4,,1,1,,1,,3,1,14
2007,Myanmar,,,,,,,,,5,,,,5
2007,Nepal,3,6,1,1,2,,3,,5,5,15,2,43
2007,Niger,,,,1,,,,,,1,,,2
2007,Nigeria,42,41,32,26,34,30,29,27,26,49,27,31,394
2007,Nordjemen,1,,,,,1,,,,,,1,3
2007,Pakistan,5,8,13,4,12,5,14,17,13,6,4,2,103
2007,Palau (USA),,,,1,,,,,,,,1,2
2007,Peru,,,,1,1,,,,,,1,,3
2007,Philippinen,,,,,,,,1,2,,,,3
2007,Ruanda,,,,,,,,,,1,,,1
2007,Rumänien,2,7,1,2,,,1,3,,1,1,1,19
2007,Russische Föderation,183,182,183,146,168,198,199,192,206,236,235,548,2676
2007,Sahara (Westsahara),,,,,,,,,1,,,,1
2007,Senegal,2,,1,,,,,1,3,1,,,8
2007,Serbien,187,192,171,153,155,132,121,126,122,139,124,138,1760
2007,Sierra Leone,1,3,2,,1,,3,2,1,1,3,2,19
2007,Simbabwe,,,1,,,,,,,,,,1
2007,Slowakei,,,,,1,,,,,,,,1
2007,Somalia,37,17,17,39,28,41,34,63,51,59,31,50,467
2007,Sri Lanka,1,5,3,7,2,2,1,,2,2,,12,37
2007,staatenlos,22,19,19,10,10,6,19,20,10,16,23,11,185
2007,Südafrika,,,,,,,,,1,,,,1
2007,Sudan,1,6,3,3,3,1,3,2,3,5,1,1,32
2007,Syrien,15,15,13,5,14,9,18,7,15,27,18,10,166
2007,Tadschikistan,,,,,,,1,,,,2,2,5
2007,Thailand,,,,,,,1,,,,1,,2
2007,Togo,,1,2,,,,,,,,,1,4
2007,Tschad,,,,,,1,,,,,,,1
2007,Tschechische Republik,,,,,1,,1,,,1,,,3
2007,Tunesien,,1,5,1,3,,3,1,1,1,1,,17
2007,Türkei,69,56,43,61,43,81,47,40,71,51,44,53,659
2007,Turkmenistan,,,,,1,,,,,,,,1
2007,Uganda,,,,,,,,,,,,1,1
2007,Ukraine,25,14,18,14,17,10,19,13,6,13,9,24,182
2007,Ungarn,,,,,,,,1,,,,,1
2007,ungeklärt,2,,2,,,3,,,2,1,,2,12
2007,USA,,1,,,,,,,,,,,1
2007,Usbekistan,,3,4,1,3,4,1,,1,2,1,5,25
2007,Vietnam,1,2,,1,1,,,3,,1,,,9
2006,Afghanistan,69,41,71,61,76,28,72,42,45,96,33,65,699
2006,Ägypten,1,2,4,2,8,10,6,3,10,12,9,5,72
2006,Albanien,6,3,4,2,2,3,3,7,4,3,5,4,46
2006,Algerien,8,10,15,13,15,8,11,5,5,20,18,10,138
2006,Angola,2,,1,2,3,2,1,1,2,,,,14
2006,Armenien,32,45,41,11,6,24,34,21,44,20,38,34,350
2006,Aserbaidschan,12,3,8,19,3,4,19,7,3,5,12,20,115
2006,Äthiopien,1,3,,,1,,3,5,3,2,3,,21
2006,Bangladesch,9,19,20,26,5,7,6,7,16,12,3,10,140
2006,Belarus,32,31,10,14,19,12,7,7,12,13,13,2,172
2006,Benin,,,,,,,,1,,,1,1,3
2006,Bhutan,,,,,,,,,,,,1,1
2006,Bolivien,,1,,,,,,,1,,,,2
2006,Bosnien-Herzegowina,23,24,31,32,4,48,16,8,18,14,3,10,231
2006,Botsuana,,,,,1,,,,,,,,1
2006,Bulgarien,7,1,,3,,1,1,1,1,1,,,16
2006,Burkina Faso,,,1,,1,,,,,,,,2
2006,Burundi,4,,,,1,,,,,,,,5
2006,China Rep. (Taiwan),2,1,1,,,,3,1,,3,4,3,18
2006,China Volksrepublik,12,25,27,5,13,12,29,14,15,16,14,12,194
2006,Côte d’Ivoire,3,,2,,,,,1,1,1,,3,11
2006,Dominikanische Republik,1,,,,,,,,,,,,1
2006,Eritrea,,,,,,,,1,,3,,,4
2006,Gabun,,,,,,,,1,,,,,1
2006,Gambia,2,6,11,9,4,3,9,7,4,7,3,7,72
2006,Georgien,29,29,50,37,42,54,78,43,58,47,44,53,564
2006,Ghana,6,4,13,2,4,2,5,2,2,3,4,4,51
2006,Guinea,5,1,1,5,1,,3,3,,3,1,3,26
2006,Guinea-Bissau,2,1,3,3,2,2,2,1,1,3,1,1,22
2006,Indien,76,46,40,58,36,27,30,56,30,24,28,28,479
2006,Indonesien,1,,,,,,,,,,,,1
2006,Irak,8,11,21,19,24,38,15,47,42,54,41,60,380
2006,Iran,11,15,24,28,29,19,18,15,30,29,26,30,274
2006,Israel,,,,,3,1,8,2,,,,1,15
2006,Italien,,,,,1,,,,,,,,1
2006,Jordanien,,3,,,,1,,1,,,,,5
2006,Kamerun,1,2,1,3,,2,,1,5,5,3,3,26
2006,Kanada,,,,,1,,,,,,,,1
2006,Kasachstan,4,6,1,,1,,3,,1,2,2,,20
2006,Kenia,,2,,,2,,,,,2,,,6
2006,Kirgisistan,4,3,4,6,2,7,9,10,16,7,8,6,82
2006,Kolumbien,,,,,,,,,1,,,,1
2006,Kongo,,,1,2,1,2,2,,,2,3,,13
2006,Kongo Demokr. Rep.,3,2,6,2,1,4,2,1,,9,15,2,47
2006,Korea (Nord Dem. VR),3,,,,,,,,,,,,3
2006,Kroatien,1,,1,1,,2,,,,1,,,6
2006,Kuba,,,,,,,,,1,,,,1
2006,Libanon,6,2,2,1,3,2,5,6,5,8,3,10,53
2006,Liberia,3,3,2,1,1,2,1,2,2,5,5,1,28
2006,Libyen,3,2,1,,1,,,,,2,,,9
2006,Litauen,1,,1,,,,,,,,,,2
2006,Malawi,1,,,,,,,,,,,,1
2006,Mali,1,1,,,,,,2,,3,1,,8
2006,Marokko,1,5,7,5,5,3,3,1,7,15,12,13,77
2006,Mauretanien,,,,2,,,,,,,,1,3
2006,Mazedonien,25,17,32,11,24,12,13,10,8,11,16,14,193
2006,Moldau,57,16,9,28,103,95,128,106,92,97,52,119,902
2006,Mongolei,69,57,49,43,37,59,42,42,36,39,28,40,541
2006,Montenegro,,,,,,,,2,1,1,1,2,7
2006,Myanmar,,,,,,,2,,,,,,2
2006,Nepal,,,,4,2,4,5,,4,15,,2,36
2006,Niger,,,,,,,1,,,,,,1
2006,Nigeria,40,42,50,30,38,20,29,27,40,48,24,33,421
2006,Nordjemen,,,,,,,,,,,3,,3
2006,Pakistan,18,7,5,7,19,10,6,5,10,8,2,13,110
2006,Peru,,,,1,,,,1,,,,,2
2006,Philippinen,,,1,,,,,,,,,,1
2006,Polen,,,1,1,,,,,,1,,,3
2006,Ruanda,,3,,,,,,,,,,,3
2006,Rumänien,15,4,20,6,8,6,2,3,4,4,4,1,77
2006,Russische Föderation,232,155,137,112,148,164,190,278,292,211,267,255,2441
2006,Senegal,,,1,,1,,3,,,1,1,1,8
2006,Serbien,315,208,266,239,185,169,144,170,174,205,231,209,2515
2006,Sierra Leone,,,2,,,1,1,3,3,1,2,1,14
2006,Simbabwe,,,1,1,,,,,2,1,,,5
2006,Slowakei,,,1,,,1,3,,,1,,1,7
2006,Slowenien,1,,,,,,,,,,,,1
2006,Somalia,14,12,5,14,9,6,18,19,11,31,27,17,183
2006,Sri Lanka,1,,,,3,5,2,2,8,4,17,4,46
2006,staatenlos,19,14,13,20,25,23,18,17,10,15,22,8,204
2006,Südafrika,,1,,,,1,,,1,,1,,4
2006,Sudan,1,2,1,1,1,1,8,7,3,4,3,4,36
2006,Suriname,,1,,,,,,,,,,,1
2006,Syrien,5,2,2,4,11,4,2,2,8,16,23,9,88
2006,Tadschikistan,,3,2,,1,,,3,,,,,9
2006,Togo,,,5,,,,,1,1,4,,,11
2006,Tschad,,,,1,,1,,,,,,,2
2006,Tunesien,1,1,1,1,2,3,,,1,3,1,2,16
2006,Türkei,73,54,66,32,61,45,26,53,62,79,73,44,668
2006,Uganda,,,1,,2,,,2,,1,1,,7
2006,Ukraine,6,9,26,7,13,9,15,16,22,12,20,21,176
2006,Ungarn,,,,,,,,,2,,,,2
2006,ungeklärt,3,5,,4,2,3,5,,1,2,,1,26
2006,Uruguay,,,2,,,,,,,,,,2
2006,USA,,,,,,,1,,,,,,1
2006,Usbekistan,,4,4,4,2,,,1,2,6,1,1,25
2006,Vietnam,3,1,4,,,1,1,,,1,2,1,14
2006,Zentralafrikanische Republik,1,,,,,,,,,,,,1
2005,Afghanistan,,,,,,,,,,,,,923
2005,Ägypten,,,,,,,,,,,,,39
2005,Albanien,,,,,,,,,,,,,74
2005,Algerien,,,,,,,,,,,,,185
2005,Angola,,,,,,,,,,,,,30
2005,Äquatorialguinea,,,,,,,,,,,,,1
2005,Armenien,,,,,,,,,,,,,516
2005,Aserbaidschan,,,,,,,,,,,,,126
2005,Äthiopien,,,,,,,,,,,,,20
2005,Bangladesch,,,,,,,,,,,,,548
2005,Belarus,,,,,,,,,,,,,297
2005,Benin,,,,,,,,,,,,,8
2005,Bolivien,,,,,,,,,,,,,5
2005,Bosnien-Herzegowina,,,,,,,,,,,,,188
2005,Brasilien,,,,,,,,,,,,,3
2005,Bulgarien,,,,,,,,,,,,,56
2005,Burkina Faso,,,,,,,,,,,,,2
2005,Burundi,,,,,,,,,,,,,2
2005,Chile,,,,,,,,,,,,,3
2005,China Rep. (Taiwan),,,,,,,,,,,,,24
2005,China Volksrepublik,,,,,,,,,,,,,468
2005,Côte d’Ivoire,,,,,,,,,,,,,18
2005,Deutschland,,,,,,,,,,,,,1
2005,Dominikanische Republik,,,,,,,,,,,,,4
2005,Eritrea,,,,,,,,,,,,,7
2005,Gabun,,,,,,,,,,,,,2
2005,Gambia,,,,,,,,,,,,,134
2005,Georgien,,,,,,,,,,,,,954
2005,Ghana,,,,,,,,,,,,,87
2005,Guinea,,,,,,,,,,,,,38
2005,Guinea-Bissau,,,,,,,,,,,,,69
2005,Indien,,,,,,,,,,,,,1530
2005,Irak,,,,,,,,,,,,,221
2005,Iran,,,,,,,,,,,,,306
2005,Irland,,,,,,,,,,,,,1
2005,Israel,,,,,,,,,,,,,22
2005,Jordanien,,,,,,,,,,,,,9
2005,Kambodscha,,,,,,,,,,,,,1
2005,Kamerun,,,,,,,,,,,,,60
2005,Kasachstan,,,,,,,,,,,,,21
2005,Kenia,,,,,,,,,,,,,5
2005,Kirgisistan,,,,,,,,,,,,,89
2005,Kolumbien,,,,,,,,,,,,,2
2005,Kongo,,,,,,,,,,,,,23
2005,Kongo Demokr. Rep.,,,,,,,,,,,,,76
2005,Kroatien,,,,,,,,,,,,,18
2005,Kuba,,,,,,,,,,,,,5
2005,Libanon,,,,,,,,,,,,,89
2005,Liberia,,,,,,,,,,,,,60
2005,Libyen,,,,,,,,,,,,,11
2005,Litauen,,,,,,,,,,,,,6
2005,Mali,,,,,,,,,,,,,28
2005,Marokko,,,,,,,,,,,,,32
2005,Mauretanien,,,,,,,,,,,,,5
2005,Mazedonien,,,,,,,,,,,,,452
2005,Mexiko,,,,,,,,,,,,,1
2005,Moldau,,,,,,,,,,,,,1210
2005,Mongolei,,,,,,,,,,,,,640
2005,Namibia,,,,,,,,,,,,,1
2005,Nepal,,,,,,,,,,,,,78
2005,Niger,,,,,,,,,,,,,4
2005,Nigeria,,,,,,,,,,,,,880
2005,Pakistan,,,,,,,,,,,,,498
2005,Palau (USA),,,,,,,,,,,,,1
2005,Philippinen,,,,,,,,,,,,,1
2005,Polen,,,,,,,,,,,,,11
2005,Ruanda,,,,,,,,,,,,,7
2005,Rumänien,,,,,,,,,,,,,188
2005,Russische Föderation,,,,,,,,,,,,,4355
2005,Sambia,,,,,,,,,,,,,1
2005,Schweden,,,,,,,,,,,,,1
2005,Schweiz,,,,,,,,,,,,,1
2005,Senegal,,,,,,,,,,,,,21
2005,Serbien und Montenegro,,,,,,,,,,,,,4403
2005,Sierra Leone,,,,,,,,,,,,,51
2005,Simbabwe,,,,,,,,,,,,,10
2005,Slowakei,,,,,,,,,,,,,5
2005,Somalia,,,,,,,,,,,,,89
2005,Sowjetunion,,,,,,,,,,,,,3
2005,Sri Lanka,,,,,,,,,,,,,34
2005,staatenlos,,,,,,,,,,,,,377
2005,Südafrika,,,,,,,,,,,,,1
2005,Sudan,,,,,,,,,,,,,67
2005,Syrien,,,,,,,,,,,,,77
2005,Tadschikistan,,,,,,,,,,,,,21
2005,Tansania,,,,,,,,,,,,,1
2005,Togo,,,,,,,,,,,,,14
2005,Tschad,,,,,,,,,,,,,2
2005,Tschechische Republik,,,,,,,,,,,,,5
2005,Tunesien,,,,,,,,,,,,,15
2005,Türkei,,,,,,,,,,,,,1064
2005,Turkmenistan,,,,,,,,,,,,,2
2005,Uganda,,,,,,,,,,,,,14
2005,Ukraine,,,,,,,,,,,,,279
2005,Ungarn,,,,,,,,,,,,,8
2005,ungeklärt,,,,,,,,,,,,,46
2005,USA,,,,,,,,,,,,,1
2005,Usbekistan,,,,,,,,,,,,,38
2005,Vietnam,,,,,,,,,,,,,31
2004,Afghanistan,,,,,,,,,,,,,757
2004,Ägypten,,,,,,,,,,,,,15
2004,Albanien,,,,,,,,,,,,,78
2004,Algerien,,,,,,,,,,,,,234
2004,Angola,,,,,,,,,,,,,28
2004,Äquatorialguinea,,,,,,,,,,,,,1
2004,Armenien,,,,,,,,,,,,,414
2004,Aserbaidschan,,,,,,,,,,,,,159
2004,Äthiopien,,,,,,,,,,,,,18
2004,Bangladesch,,,,,,,,,,,,,330
2004,Belarus,,,,,,,,,,,,,213
2004,Benin,,,,,,,,,,,,,6
2004,Bolivien,,,,,,,,,,,,,5
2004,Bosnien-Herzegowina,,,,,,,,,,,,,198
2004,Brasilien,,,,,,,,,,,,,2
2004,Bulgarien,,,,,,,,,,,,,26
2004,Burkina Faso,,,,,,,,,,,,,5
2004,Burundi,,,,,,,,,,,,,14
2004,Chile,,,,,,,,,,,,,1
2004,China Rep. (Taiwan),,,,,,,,,,,,,92
2004,China Volksrepublik,,,,,,,,,,,,,571
2004,Côte d’Ivoire,,,,,,,,,,,,,31
2004,Deutschland,,,,,,,,,,,,,5
2004,Dominica,,,,,,,,,,,,,1
2004,Dominikanische Republik,,,,,,,,,,,,,2
2004,Ecuador,,,,,,,,,,,,,1
2004,Eritrea,,,,,,,,,,,,,11
2004,Gabun,,,,,,,,,,,,,1
2004,Gambia,,,,,,,,,,,,,226
2004,Georgien,,,,,,,,,,,,,1731
2004,Ghana,,,,,,,,,,,,,72
2004,Guinea,,,,,,,,,,,,,72
2004,Guinea-Bissau,,,,,,,,,,,,,73
2004,Indien,,,,,,,,,,,,,1839
2004,Indonesien,,,,,,,,,,,,,1
2004,Irak,,,,,,,,,,,,,232
2004,Iran,,,,,,,,,,,,,343
2004,Israel,,,,,,,,,,,,,47
2004,Jordanien,,,,,,,,,,,,,8
2004,Kambodscha,,,,,,,,,,,,,1
2004,Kamerun,,,,,,,,,,,,,77
2004,Kanada,,,,,,,,,,,,,1
2004,Kap Verde,,,,,,,,,,,,,1
2004,Kasachstan,,,,,,,,,,,,,30
2004,Kenia,,,,,,,,,,,,,2
2004,Kirgisistan,,,,,,,,,,,,,81
2004,Kolumbien,,,,,,,,,,,,,10
2004,Komoren,,,,,,,,,,,,,3
2004,Kongo,,,,,,,,,,,,,13
2004,Kongo Demokr. Rep.,,,,,,,,,,,,,65
2004,Korea (Nord Dem. VR),,,,,,,,,,,,,1
2004,Kroatien,,,,,,,,,,,,,15
2004,Kuba,,,,,,,,,,,,,8
2004,Lettland,,,,,,,,,,,,,3
2004,Libanon,,,,,,,,,,,,,45
2004,Liberia,,,,,,,,,,,,,97
2004,Libyen,,,,,,,,,,,,,6
2004,Litauen,,,,,,,,,,,,,7
2004,Madagaskar,,,,,,,,,,,,,3
2004,Malawi,,,,,,,,,,,,,1
2004,Mali,,,,,,,,,,,,,48
2004,Marokko,,,,,,,,,,,,,29
2004,Mauretanien,,,,,,,,,,,,,12
2004,Mazedonien,,,,,,,,,,,,,323
2004,Mexiko,,,,,,,,,,,,,1
2004,Moldau,,,,,,,,,,,,,1346
2004,Mongolei,,,,,,,,,,,,,511
2004,Nepal,,,,,,,,,,,,,69
2004,Niger,,,,,,,,,,,,,4
2004,Nigeria,,,,,,,,,,,,,1828
2004,Nordjemen,,,,,,,,,,,,,8
2004,Pakistan,,,,,,,,,,,,,575
2004,Philippinen,,,,,,,,,,,,,3
2004,Polen,,,,,,,,,,,,,6
2004,Ruanda,,,,,,,,,,,,,6
2004,Rumänien,,,,,,,,,,,,,110
2004,Russische Föderation,,,,,,,,,,,,,6172
2004,Sahara (Westsahara),,,,,,,,,,,,,1
2004,Senegal,,,,,,,,,,,,,14
2004,Serbien und Montenegro,,,,,,,,,,,,,2835
2004,Sierra Leone,,,,,,,,,,,,,58
2004,Simbabwe,,,,,,,,,,,,,8
2004,Slowakei,,,,,,,,,,,,,2
2004,Slowenien,,,,,,,,,,,,,3
2004,Somalia,,,,,,,,,,,,,45
2004,Sri Lanka,,,,,,,,,,,,,88
2004,staatenlos,,,,,,,,,,,,,197
2004,Südafrika,,,,,,,,,,,,,3
2004,Sudan,,,,,,,,,,,,,70
2004,Syrien,,,,,,,,,,,,,131
2004,Tadschikistan,,,,,,,,,,,,,10
2004,Tansania,,,,,,,,,,,,,3
2004,Thailand,,,,,,,,,,,,,2
2004,Togo,,,,,,,,,,,,,10
2004,Tschad,,,,,,,,,,,,,1
2004,Tschechische Republik,,,,,,,,,,,,,3
2004,Tunesien,,,,,,,,,,,,,16
2004,Türkei,,,,,,,,,,,,,1114
2004,Turkmenistan,,,,,,,,,,,,,7
2004,Uganda,,,,,,,,,,,,,15
2004,Ukraine,,,,,,,,,,,,,426
2004,Ungarn,,,,,,,,,,,,,2
2004,ungeklärt,,,,,,,,,,,,,105
2004,USA,,,,,,,,,,,,,2
2004,Usbekistan,,,,,,,,,,,,,39
2004,Venezuela,,,,,,,,,,,,,1
2004,Vereinigte Arabische Emirate,,,,,,,,,,,,,2
2004,Vietnam,,,,,,,,,,,,,37
2003,Afghanistan,,,,,,,,,,,,,2357
2003,Ägypten,,,,,,,,,,,,,26
2003,Albanien,,,,,,,,,,,,,93
2003,Algerien,,,,,,,,,,,,,221
2003,Angola,,,,,,,,,,,,,51
2003,Äquatorialguinea,,,,,,,,,,,,,5
2003,Armenien,,,,,,,,,,,,,1098
2003,Aserbaidschan,,,,,,,,,,,,,76
2003,Äthiopien,,,,,,,,,,,,,16
2003,Bangladesch,,,,,,,,,,,,,887
2003,Belarus,,,,,,,,,,,,,127
2003,Benin,,,,,,,,,,,,,9
2003,Bhutan,,,,,,,,,,,,,1
2003,Bolivien,,,,,,,,,,,,,13
2003,Bosnien-Herzegowina,,,,,,,,,,,,,214
2003,Brasilien,,,,,,,,,,,,,2
2003,Bulgarien,,,,,,,,,,,,,25
2003,Burkina Faso,,,,,,,,,,,,,11
2003,Burundi,,,,,,,,,,,,,22
2003,Chile,,,,,,,,,,,,,1
2003,China Rep. (Taiwan),,,,,,,,,,,,,88
2003,China Volksrepublik,,,,,,,,,,,,,573
2003,Côte d’Ivoire,,,,,,,,,,,,,47
2003,Deutschland,,,,,,,,,,,,,4
2003,Eritrea,,,,,,,,,,,,,9
2003,Estland,,,,,,,,,,,,,11
2003,Frankreich,,,,,,,,,,,,,4
2003,Gabun,,,,,,,,,,,,,2
2003,Gambia,,,,,,,,,,,,,149
2003,Georgien,,,,,,,,,,,,,1525
2003,Ghana,,,,,,,,,,,,,100
2003,Guinea,,,,,,,,,,,,,96
2003,Guinea-Bissau,,,,,,,,,,,,,44
2003,Indien,,,,,,,,,,,,,2822
2003,Irak,,,,,,,,,,,,,1446
2003,Iran,,,,,,,,,,,,,979
2003,Israel,,,,,,,,,,,,,27
2003,Italien,,,,,,,,,,,,,1
2003,Jamaika,,,,,,,,,,,,,1
2003,Jordanien,,,,,,,,,,,,,10
2003,Kamerun,,,,,,,,,,,,,97
2003,Kanada,,,,,,,,,,,,,3
2003,Kap Verde,,,,,,,,,,,,,2
2003,Kasachstan,,,,,,,,,,,,,42
2003,Kenia,,,,,,,,,,,,,6
2003,Kirgisistan,,,,,,,,,,,,,76
2003,Kolumbien,,,,,,,,,,,,,10
2003,Komoren,,,,,,,,,,,,,2
2003,Kongo,,,,,,,,,,,,,25
2003,Kongo Demokr. Rep.,,,,,,,,,,,,,71
2003,Korea (Nord Dem. VR),,,,,,,,,,,,,1
2003,Korea (Süd Republik),,,,,,,,,,,,,1
2003,Kroatien,,,,,,,,,,,,,19
2003,Kuba,,,,,,,,,,,,,6
2003,Kuwait,,,,,,,,,,,,,1
2003,Lettland,,,,,,,,,,,,,5
2003,Libanon,,,,,,,,,,,,,52
2003,Liberia,,,,,,,,,,,,,177
2003,Libyen,,,,,,,,,,,,,3
2003,Litauen,,,,,,,,,,,,,14
2003,Madagaskar,,,,,,,,,,,,,2
2003,Malaysia,,,,,,,,,,,,,3
2003,Mali,,,,,,,,,,,,,8
2003,Marokko,,,,,,,,,,,,,32
2003,Mauretanien,,,,,,,,,,,,,12
2003,Mauritius,,,,,,,,,,,,,2
2003,Mazedonien,,,,,,,,,,,,,415
2003,Moldau,,,,,,,,,,,,,1178
2003,Mongolei,,,,,,,,,,,,,140
2003,Myanmar,,,,,,,,,,,,,1
2003,Namibia,,,,,,,,,,,,,1
2003,Nepal,,,,,,,,,,,,,33
2003,Niger,,,,,,,,,,,,,6
2003,Nigeria,,,,,,,,,,,,,1849
2003,Nordjemen,,,,,,,,,,,,,1
2003,Pakistan,,,,,,,,,,,,,508
2003,Peru,,,,,,,,,,,,,2
2003,Philippinen,,,,,,,,,,,,,7
2003,Polen,,,,,,,,,,,,,12
2003,Ruanda,,,,,,,,,,,,,16
2003,Rumänien,,,,,,,,,,,,,173
2003,Russische Föderation,,,,,,,,,,,,,6706
2003,Schweden,,,,,,,,,,,,,1
2003,Senegal,,,,,,,,,,,,,39
2003,Serbien und Montenegro,,,,,,,,,,,,,2526
2003,Sierra Leone,,,,,,,,,,,,,87
2003,Simbabwe,,,,,,,,,,,,,13
2003,Slowakei,,,,,,,,,,,,,13
2003,Slowenien,,,,,,,,,,,,,4
2003,Somalia,,,,,,,,,,,,,191
2003,Sowjetunion,,,,,,,,,,,,,3
2003,Sri Lanka,,,,,,,,,,,,,115
2003,staatenlos,,,,,,,,,,,,,403
2003,Sudan,,,,,,,,,,,,,91
2003,Syrien,,,,,,,,,,,,,153
2003,Tadschikistan,,,,,,,,,,,,,15
2003,Togo,,,,,,,,,,,,,19
2003,Tschad,,,,,,,,,,,,,1
2003,Tschechische Republik,,,,,,,,,,,,,9
2003,Tschechoslowakei,,,,,,,,,,,,,2
2003,Tunesien,,,,,,,,,,,,,23
2003,Türkei,,,,,,,,,,,,,2854
2003,Turkmenistan,,,,,,,,,,,,,13
2003,Uganda,,,,,,,,,,,,,10
2003,Ukraine,,,,,,,,,,,,,471
2003,Ungarn,,,,,,,,,,,,,2
2003,ungeklärt,,,,,,,,,,,,,218
2003,Uruguay,,,,,,,,,,,,,5
2003,USA,,,,,,,,,,,,,2
2003,Usbekistan,,,,,,,,,,,,,106
2003,Vietnam,,,,,,,,,,,,,57
2002,Afghanistan,,,,,,,,,,,,,6651
2002,Ägypten,,,,,,,,,,,,,38
2002,Albanien,,,,,,,,,,,,,116
2002,Algerien,,,,,,,,,,,,,239
2002,Angola,,,,,,,,,,,,,25
2002,Argentinien,,,,,,,,,,,,,1
2002,Äquatorialguinea,,,,,,,,,,,,,0
2002,Armenien,,,,,,,,,,,,,2038
2002,Aserbaidschan,,,,,,,,,,,,,182
2002,Äthiopien,,,,,,,,,,,,,36
2002,Bangladesch,,,,,,,,,,,,,1104
2002,Belarus,,,,,,,,,,,,,123
2002,Benin,,,,,,,,,,,,,6
2002,Bhutan,,,,,,,,,,,,,0
2002,Bolivien,,,,,,,,,,,,,6
2002,Bosnien-Herzegowina,,,,,,,,,,,,,212
2002,Brasilien,,,,,,,,,,,,,0
2002,Bulgarien,,,,,,,,,,,,,57
2002,Burkina Faso,,,,,,,,,,,,,11
2002,Burundi,,,,,,,,,,,,,6
2002,Chile,,,,,,,,,,,,,0
2002,China Rep. (Taiwan),,,,,,,,,,,,,113
2002,China Volksrepublik,,,,,,,,,,,,,666
2002,Côte d’Ivoire,,,,,,,,,,,,,34
2002,Deutschland,,,,,,,,,,,,,2
2002,Dschibuti,,,,,,,,,,,,,1
2002,Eritrea,,,,,,,,,,,,,5
2002,Estland,,,,,,,,,,,,,0
2002,Frankreich,,,,,,,,,,,,,0
2002,Gabun,,,,,,,,,,,,,1
2002,Gambia,,,,,,,,,,,,,99
2002,Georgien,,,,,,,,,,,,,1921
2002,Ghana,,,,,,,,,,,,,112
2002,Guinea,,,,,,,,,,,,,79
2002,Guinea-Bissau,,,,,,,,,,,,,16
2002,Indien,,,,,,,,,,,,,3366
2002,Irak,,,,,,,,,,,,,4466
2002,Iran,,,,,,,,,,,,,760
2002,Israel,,,,,,,,,,,,,19
2002,Italien,,,,,,,,,,,,,0
2002,Jamaika,,,,,,,,,,,,,0
2002,Jordanien,,,,,,,,,,,,,4
2002,Kambodscha,,,,,,,,,,,,,1
2002,Kamerun,,,,,,,,,,,,,70
2002,Kanada,,,,,,,,,,,,,2
2002,Kap Verde,,,,,,,,,,,,,0
2002,Kasachstan,,,,,,,,,,,,,33
2002,Kenia,,,,,,,,,,,,,3
2002,Kirgisistan,,,,,,,,,,,,,39
2002,Kolumbien,,,,,,,,,,,,,10
2002,Komoren,,,,,,,,,,,,,0
2002,Kongo,,,,,,,,,,,,,13
2002,Kongo Demokr. Rep.,,,,,,,,,,,,,50
2002,Korea (Nord Dem. VR),,,,,,,,,,,,,0
2002,Korea (Süd Republik),,,,,,,,,,,,,0
2002,Kroatien,,,,,,,,,,,,,13
2002,Kuba,,,,,,,,,,,,,2
2002,Kuwait,,,,,,,,,,,,,0
2002,Lettland,,,,,,,,,,,,,4
2002,Libanon,,,,,,,,,,,,,49
2002,Liberia,,,,,,,,,,,,,118
2002,Libyen,,,,,,,,,,,,,1
2002,Litauen,,,,,,,,,,,,,32
2002,Madagaskar,,,,,,,,,,,,,0
2002,Malawi,,,,,,,,,,,,,3
2002,Mali,,,,,,,,,,,,,8
2002,Marokko,,,,,,,,,,,,,25
2002,Mauretanien,,,,,,,,,,,,,9
2002,Mauritius,,,,,,,,,,,,,8
2002,Mazedonien,,,,,,,,,,,,,786
2002,Moldau,,,,,,,,,,,,,819
2002,Mongolei,,,,,,,,,,,,,143
2002,Myanmar,,,,,,,,,,,,,1
2002,Namibia,,,,,,,,,,,,,0
2002,Nepal,,,,,,,,,,,,,117
2002,Niger,,,,,,,,,,,,,5
2002,Nigeria,,,,,,,,,,,,,1432
2002,Nordjemen,,,,,,,,,,,,,1
2002,Pakistan,,,,,,,,,,,,,359
2002,Peru,,,,,,,,,,,,,2
2002,Philippinen,,,,,,,,,,,,,3
2002,Polen,,,,,,,,,,,,,7
2002,Ruanda,,,,,,,,,,,,,12
2002,Rumänien,,,,,,,,,,,,,89
2002,Russische Föderation,,,,,,,,,,,,,2221
2002,Schweiz,,,,,,,,,,,,,1
2002,Senegal,,,,,,,,,,,,,59
2002,Serbien und Montenegro,,,,,,,,,,,,,4723
2002,Sierra Leone,,,,,,,,,,,,,111
2002,Simbabwe,,,,,,,,,,,,,5
2002,Slowakei,,,,,,,,,,,,,45
2002,Slowenien,,,,,,,,,,,,,4
2002,Somalia,,,,,,,,,,,,,221
2002,Sri Lanka,,,,,,,,,,,,,68
2002,staatenlos,,,,,,,,,,,,,448
2002,Sudan,,,,,,,,,,,,,162
2002,Syrien,,,,,,,,,,,,,134
2002,Tadschikistan,,,,,,,,,,,,,17
2002,Tansania,,,,,,,,,,,,,1
2002,Togo,,,,,,,,,,,,,22
2002,Tschad,,,,,,,,,,,,,2
2002,Tschechische Republik,,,,,,,,,,,,,12
2002,Tunesien,,,,,,,,,,,,,42
2002,Türkei,,,,,,,,,,,,,3561
2002,Uganda,,,,,,,,,,,,,15
2002,Ukraine,,,,,,,,,,,,,418
2002,Ungarn,,,,,,,,,,,,,14
2002,ungeklärt,,,,,,,,,,,,,180
2002,USA,,,,,,,,,,,,,2
2002,Usbekistan,,,,,,,,,,,,,16
2002,Vietnam,,,,,,,,,,,,,62
